code_snippet,prompt,response
"#include <stdio.h>\n#include <string.h>\n#include <math.h>\n#include <stdlib.h>\n#include <omp.h>\n//#define NUM_THREAD 4\n#define OPEN\n\nFILE *fp;\n\n//Structure to hold a node information\nstruct Node\n{\n\tint starting;\n\tint no_of_edges;\n};\n\nvoid BFSGraph(int argc, char** argv);\n\nvoid Usage(int argc, char**argv){\n\nfprintf(stderr,""Usage: %s <num_threads> <input_file>\\n"", argv[0]);\n\n}\nint main( int argc, char** argv) \n{\n\tBFSGraph( argc, argv);\n}\nvoid BFSGraph( int argc, char** argv) \n{\n\tint no_of_nodes = 0;\n\tint edge_list_size = 0;\n\tchar *input_f;\n\tint\t num_omp_threads;\n\t\n\tif(argc!=3){\n\tUsage(argc, argv);\n\texit(0);\n\t}\n\t\n\tnum_omp_threads = atoi(argv[1]);\n\tinput_f = argv[2];\n\t\n\tprintf(""Reading File\\n"");\n\t//Read in Graph from a file\n\tfp = fopen(input_f,""r"");\n\tif(!fp)\n\t{\n\t\tprintf(""Error Reading graph file\\n"");\n\t\treturn;\n\t}\n\n\tint source = 0;\n\n\tfscanf(fp,""%d"",&no_of_nodes);\n   \n\t// allocate host memory\n\tNode* h_graph_nodes = (Node*) malloc(sizeof(Node)*no_of_nodes);\n\tbool *h_graph_mask = (bool*) malloc(sizeof(bool)*no_of_nodes);\n\tbool *h_updating_graph_mask = (bool*) malloc(sizeof(bool)*no_of_nodes);\n\tbool *h_graph_visited = (bool*) malloc(sizeof(bool)*no_of_nodes);\n\n\tint start, edgeno;   \n\t// initalize the memory\n\tfor( unsigned int i = 0; i < no_of_nodes; i++) \n\t{\n\t\tfscanf(fp,""%d %d"",&start,&edgeno);\n\t\th_graph_nodes[i].starting = start;\n\t\th_graph_nodes[i].no_of_edges = edgeno;\n\t\th_graph_mask[i]=false;\n\t\th_updating_graph_mask[i]=false;\n\t\th_graph_visited[i]=false;\n\t}\n\n\t//read the source node from the file\n\tfscanf(fp,""%d"",&source);\n\t// source=0; //tesing code line\n\n\t//set the source node as true in the mask\n\th_graph_mask[source]=true;\n\th_graph_visited[source]=true;\n\n\tfscanf(fp,""%d"",&edge_list_size);\n\n\tint id,cost;\n\tint* h_graph_edges = (int*) malloc(sizeof(int)*edge_list_size);\n\tfor(int i=0; i < edge_list_size ; i++)\n\t{\n\t\tfscanf(fp,""%d"",&id);\n\t\tfscanf(fp,""%d"",&cost);\n\t\th_graph_edges[i] = id;\n\t}\n\n\tif(fp)\n\t\tfclose(fp);    \n\n\n\t// allocate mem for the result on host side\n\tint* h_cost = (int*) malloc( sizeof(int)*no_of_nodes);\n\tfor(int i=0;i<no_of_nodes;i++)\n\t\th_cost[i]=-1;\n\th_cost[source]=0;\n\t\n\tprintf(""Start traversing the tree\\n"");\n\t\n\tint k=0;\n#ifdef OPEN\n        double start_time = omp_get_wtime();\n#ifdef OMP_OFFLOAD\n#pragma omp target data map(to: no_of_nodes, h_graph_mask[0:no_of_nodes], h_graph_nodes[0:no_of_nodes], h_graph_edges[0:edge_list_size], h_graph_visited[0:no_of_nodes], h_updating_graph_mask[0:no_of_nodes]) map(h_cost[0:no_of_nodes])\n        {\n#endif \n#endif\n\tbool stop;\n\tdo\n        {\n            //if no thread changes this value then the loop stops\n            stop=false;\n\n#ifdef OPEN\n            //omp_set_num_threads(num_omp_threads);\n    #ifdef OMP_OFFLOAD\n    #pragma omp target\n    #endif\n    #pragma omp parallel for \n#endif \n            for(int tid = 0; tid < no_of_nodes; tid++ )\n            {\n                if (h_graph_mask[tid] == true){ \n                    h_graph_mask[tid]=false;\n                    for(int i=h_graph_nodes[tid].starting; i<(h_graph_nodes[tid].no_of_edges + h_graph_nodes[tid].starting); i++)\n","#include <stdio.h>\n#include <string.h>\n#include <math.h>\n#include <stdlib.h>\n#include <omp.h>\n//#define NUM_THREAD 4\n#define OPEN\n\nFILE *fp;\n\n//Structure to hold a node information\nstruct Node\n{\n\tint starting;\n\tint no_of_edges;\n};\n\nvoid BFSGraph(int argc, char** argv);\n\nvoid Usage(int argc, char**argv){\n\nfprintf(stderr,""Usage: %s <num_threads> <input_file>\\n"", argv[0]);\n\n}\nint main( int argc, char** argv) \n{\n\tBFSGraph( argc, argv);\n}\nvoid BFSGraph( int argc, char** argv) \n{\n\tint no_of_nodes = 0;\n\tint edge_list_size = 0;\n\tchar *input_f;\n\tint\t num_omp_threads;\n\t\n\tif(argc!=3){\n\tUsage(argc, argv);\n\texit(0);\n\t}\n\t\n\tnum_omp_threads = atoi(argv[1]);\n\tinput_f = argv[2];\n\t\n\tprintf(""Reading File\\n"");\n\t//Read in Graph from a file\n\tfp = fopen(input_f,""r"");\n\tif(!fp)\n\t{\n\t\tprintf(""Error Reading graph file\\n"");\n\t\treturn;\n\t}\n\n\tint source = 0;\n\n\tfscanf(fp,""%d"",&no_of_nodes);\n   \n\t// allocate host memory\n\tNode* h_graph_nodes = (Node*) malloc(sizeof(Node)*no_of_nodes);\n\tbool *h_graph_mask = (bool*) malloc(sizeof(bool)*no_of_nodes);\n\tbool *h_updating_graph_mask = (bool*) malloc(sizeof(bool)*no_of_nodes);\n\tbool *h_graph_visited = (bool*) malloc(sizeof(bool)*no_of_nodes);\n\n\tint start, edgeno;   \n\t// initalize the memory\n\tfor( unsigned int i = 0; i < no_of_nodes; i++) \n\t{\n\t\tfscanf(fp,""%d %d"",&start,&edgeno);\n\t\th_graph_nodes[i].starting = start;\n\t\th_graph_nodes[i].no_of_edges = edgeno;\n\t\th_graph_mask[i]=false;\n\t\th_updating_graph_mask[i]=false;\n\t\th_graph_visited[i]=false;\n\t}\n\n\t//read the source node from the file\n\tfscanf(fp,""%d"",&source);\n\t// source=0; //tesing code line\n\n\t//set the source node as true in the mask\n\th_graph_mask[source]=true;\n\th_graph_visited[source]=true;\n\n\tfscanf(fp,""%d"",&edge_list_size);\n\n\tint id,cost;\n\tint* h_graph_edges = (int*) malloc(sizeof(int)*edge_list_size);\n\tfor(int i=0; i < edge_list_size ; i++)\n\t{\n\t\tfscanf(fp,""%d"",&id);\n\t\tfscanf(fp,""%d"",&cost);\n\t\th_graph_edges[i] = id;\n\t}\n\n\tif(fp)\n\t\tfclose(fp);    \n\n\n\t// allocate mem for the result on host side\n\tint* h_cost = (int*) malloc( sizeof(int)*no_of_nodes);\n\tfor(int i=0;i<no_of_nodes;i++)\n\t\th_cost[i]=-1;\n\th_cost[source]=0;\n\t\n\tprintf(""Start traversing the tree\\n"");\n\t\n\tint k=0;\n#ifdef OPEN\n        double start_time = omp_get_wtime();\n#ifdef OMP_OFFLOAD\n#pragma omp target data map(to: no_of_nodes, h_graph_mask[0:no_of_nodes], h_graph_nodes[0:no_of_nodes], h_graph_edges[0:edge_list_size], h_graph_visited[0:no_of_nodes], h_updating_graph_mask[0:no_of_nodes]) map(h_cost[0:no_of_nodes])\n        {\n#endif \n#endif\n\tbool stop;\n\tdo\n        {\n            //if no thread changes this value then the loop stops\n            stop=false;\n\n#ifdef OPEN\n            //omp_set_num_threads(num_omp_threads);\n    #ifdef OMP_OFFLOAD\n    #pragma omp target\n    #endif\n    #pragma omp parallel for \n#endif \n            for(int tid = 0; tid < no_of_nodes; tid++ )\n            {\n                if (h_graph_mask[tid] == true){ \n                    h_graph_mask[tid]=false;\n                    for(int i=h_graph_nodes[tid].starting; i<(h_graph_nodes[tid].no_of_edges + h_graph_nodes[tid].starting); i++)\n Generate 2 OpenMP performance optimization multiple choice questions based on the given code snippet. The generated questions should be in json format with the following fields: Question :<generated question>, Options:<Four options A, B,C and D with one correct answer>, Answer: Correct answer to the generated question 'A', 'B', 'C' or 'D'>","1.
{
""Question"": ""What performance optimization strategy is used in this given OpenMP code snippet?"",
""Options"": {
""A"": ""Loop unrolling"",
""B"": ""Parallel for-loop"",
""C"": ""Vectorization"",
""D"": ""MPI communication optimization""},
""Answer"": ""B""
}

2.
{
""Question"": ""What will happen if the omp_set_num_threads(num_omp_threads) command is uncommented?"",
""Options"": {
""A"": ""It will set the number of threads to be used by the OpenMP parallel construct to 'num_omp_threads'"",
""B"": ""It will increase the number of OpenMP threads beyond the number of available cores"",
""C"": ""It will limit the OpenMP program to execute only on 'num_omp_threads' number of cores"",
""D"": ""It will cause an error because it is not allowed in OpenMP code""},
""Answer"": ""A""
}"
"/******************************************************************************/\n/*IMPORTANT:  READ BEFORE DOWNLOADING, COPYING, INSTALLING OR USING.         */\n/*By downloading, copying, installing or using the software you agree        */\n/*to this license.  If you do not agree to this license, do not download,    */\n/*install, copy or use the software.                                         */\n/*                                                                           */\n/*                                                                           */\n/*Copyright (c) 2005 Northwestern University                                 */\n/*All rights reserved.                                                       */\n\n/*Redistribution of the software in source and binary forms,                 */\n/*with or without modification, is permitted provided that the               */\n/*following conditions are met:                                              */\n/*                                                                           */\n/*1       Redistributions of source code must retain the above copyright     */\n/*        notice, this list of conditions and the following disclaimer.      */\n/*                                                                           */\n/*2       Redistributions in binary form must reproduce the above copyright   */\n/*        notice, this list of conditions and the following disclaimer in the */\n/*        documentation and/or other materials provided with the distribution.*/ \n/*                                                                            */\n/*3       Neither the name of Northwestern University nor the names of its    */\n/*        contributors may be used to endorse or promote products derived     */\n/*        from this software without specific prior written permission.       */\n/*                                                                            */\n/*THIS SOFTWARE IS PROVIDED BY THE COPYRIGHT HOLDERS AND CONTRIBUTORS ``AS    */\n/*IS'' AND ANY EXPRESS OR IMPLIED WARRANTIES, INCLUDING, BUT NOT LIMITED      */\n/*TO, THE IMPLIED WARRANTIES OF MERCHANTABILITY, NON-INFRINGEMENT AND         */\n/*FITNESS FOR A PARTICULAR PURPOSE ARE DISCLAIMED. IN NO EVENT SHALL          */\n/*NORTHWESTERN UNIVERSITY OR ITS CONTRIBUTORS BE LIABLE FOR ANY DIRECT,       */\n/*INDIRECT, INCIDENTAL, SPECIAL, EXEMPLARY, OR CONSEQUENTIAL DAMAGES          */\n/*(INCLUDING, BUT NOT LIMITED TO, PROCUREMENT OF SUBSTITUTE GOODS OR          */\n/*SERVICES; LOSS OF USE, DATA, OR PROFITS; OR BUSINESS INTERRUPTION)          */\n/*HOWEVER CAUSED AND ON ANY THEORY OF LIABILITY, WHETHER IN CONTRACT,         */\n/*STRICT LIABILITY, OR TORT (INCLUDING NEGLIGENCE OR OTHERWISE) ARISING IN    */\n/*ANY WAY OUT OF THE USE OF THIS SOFTWARE, EVEN IF ADVISED OF THE             */\n/*POSSIBILITY OF SUCH DAMAGE.                                                 */\n/******************************************************************************/\n/*************************************************************************/\n/**   File:         kmeans_clustering.c                                 **/\n/**   Description:  Implementation of regular k-means clustering        **/\n/**                 algorithm                                           **/\n/**   Author:  Wei-keng Liao                                            **/\n/**            ECE Department, Northwestern University                  **/\n/**            email: wkliao@ece.northwestern.edu                       **/\n/**                                                                     **/\n/**   Edited by: Jay Pisharath                                          **/\n/**              Northwestern University.                               **/\n/**                                                                     **/\n/**   ================================================================  **/\n/**                                                                     **/\n/**   Edited by: Sang-Ha  Lee                                           **/\n/**                 University of Virginia                              **/\n/**                                                                     **/\n/**   Description:    No longer supports fuzzy c-means clustering;     **/\n/**                     only regular k-means clustering.               **/\n/**                     Simplified for main functionality: regular k-means    **/\n/**                     clustering.                                     **/\n/**                                                                     **/\n/*************************************************************************/\n\n#include <stdio.h>\n#include <stdlib.h>\n#include <float.h>\n#include <math.h>\n#include \kmeans.h\""\n#include <omp.h>\n\n#define RANDOM_MAX 2147483647\n\n#ifndef FLT_MAX\n#define FLT_MAX 3.40282347e+38\n#endif\n\nextern double wtime(void);\n\nint find_nearest_point(float  *pt,          /* [nfeatures] */\n                       int     nfeatures,\n                       float **pts,         /* [npts][nfeatures] */\n                       int     npts)\n{\n    int index, i;\n    float min_dist=FLT_MAX;\n\n    /* find the cluster center id with min distance to pt */\n    for (i=0; i<npts; i++) {\n        float dist;\n        dist = euclid_dist_2(pt, pts[i], nfeatures);  /* no need square root */\n        if (dist < min_dist) {\n            min_dist = dist;\n            index    = i;\n        }\n    }\n    return(index);\n}\n\n/*----< euclid_dist_2() >----------------------------------------------------*/\n/* multi-dimensional spatial Euclid distance square */\n__inline\nfloat euclid_dist_2(float *pt1,\n                    float *pt2,\n                    int    numdims)\n{\n    int i;\n    float ans=0.0;\n\n    for (i=0; i<numdims; i++)\n        ans += (pt1[i]-pt2[i]) * (pt1[i]-pt2[i]);\n\n    return(ans);\n}\n\n\n/*----< kmeans_clustering() >---------------------------------------------*/\nfloat** kmeans_clustering(float **feature,    /* in: [npoints][nfeatures] */\n                          int     nfeatures,\n                          int     npoints,\n                          int     nclusters,\n                          float   threshold,\n                          int    *membership) /* out: [npoints] */\n{\n\n    int      i, j, n=0, index, loop=0;\n    int     *new_centers_len; /* [nclusters]: no. of points in each cluster */\n    float    delta;\n    float  **clusters;   /* out: [nclusters][nfeatures] */\n    float  **new_centers;     /* [nclusters][nfeatures] */\n  \n\n    /* allocate space for returning variable clusters[] */\n    clusters    = (float**) malloc(nclusters *             sizeof(float*));\n    clusters[0] = (float*)  malloc(nclusters * nfeatures * sizeof(float));\n    for (i=1; i<nclusters; i++)\n        clusters[i] = clusters[i-1] + nfeatures;\n\n    /* randomly pick cluster centers */\n    for (i=0; i<nclusters; i++) {\n        //n = (int)rand() % npoints;\n        for (j=0; j<nfeatures; j++)\n            clusters[i][j] = feature[n][j];\n\t\tn++;\n    }\n\n    for (i=0; i<npoints; i++)\n\t\tmembership[i] = -1;\n\n    /* need to initialize new_centers_len and new_centers[0] to all 0 */\n    new_centers_len = (int*) calloc(nclusters, sizeof(int));\n\n    new_centers    = (float**) malloc(nclusters *","/******************************************************************************/\n/*IMPORTANT:  READ BEFORE DOWNLOADING, COPYING, INSTALLING OR USING.         */\n/*By downloading, copying, installing or using the software you agree        */\n/*to this license.  If you do not agree to this license, do not download,    */\n/*install, copy or use the software.                                         */\n/*                                                                           */\n/*                                                                           */\n/*Copyright (c) 2005 Northwestern University                                 */\n/*All rights reserved.                                                       */\n\n/*Redistribution of the software in source and binary forms,                 */\n/*with or without modification, is permitted provided that the               */\n/*following conditions are met:                                              */\n/*                                                                           */\n/*1       Redistributions of source code must retain the above copyright     */\n/*        notice, this list of conditions and the following disclaimer.      */\n/*                                                                           */\n/*2       Redistributions in binary form must reproduce the above copyright   */\n/*        notice, this list of conditions and the following disclaimer in the */\n/*        documentation and/or other materials provided with the distribution.*/ \n/*                                                                            */\n/*3       Neither the name of Northwestern University nor the names of its    */\n/*        contributors may be used to endorse or promote products derived     */\n/*        from this software without specific prior written permission.       */\n/*                                                                            */\n/*THIS SOFTWARE IS PROVIDED BY THE COPYRIGHT HOLDERS AND CONTRIBUTORS ``AS    */\n/*IS'' AND ANY EXPRESS OR IMPLIED WARRANTIES, INCLUDING, BUT NOT LIMITED      */\n/*TO, THE IMPLIED WARRANTIES OF MERCHANTABILITY, NON-INFRINGEMENT AND         */\n/*FITNESS FOR A PARTICULAR PURPOSE ARE DISCLAIMED. IN NO EVENT SHALL          */\n/*NORTHWESTERN UNIVERSITY OR ITS CONTRIBUTORS BE LIABLE FOR ANY DIRECT,       */\n/*INDIRECT, INCIDENTAL, SPECIAL, EXEMPLARY, OR CONSEQUENTIAL DAMAGES          */\n/*(INCLUDING, BUT NOT LIMITED TO, PROCUREMENT OF SUBSTITUTE GOODS OR          */\n/*SERVICES; LOSS OF USE, DATA, OR PROFITS; OR BUSINESS INTERRUPTION)          */\n/*HOWEVER CAUSED AND ON ANY THEORY OF LIABILITY, WHETHER IN CONTRACT,         */\n/*STRICT LIABILITY, OR TORT (INCLUDING NEGLIGENCE OR OTHERWISE) ARISING IN    */\n/*ANY WAY OUT OF THE USE OF THIS SOFTWARE, EVEN IF ADVISED OF THE             */\n/*POSSIBILITY OF SUCH DAMAGE.                                                 */\n/******************************************************************************/\n/*************************************************************************/\n/**   File:         kmeans_clustering.c                                 **/\n/**   Description:  Implementation of regular k-means clustering        **/\n/**                 algorithm                                           **/\n/**   Author:  Wei-keng Liao                                            **/\n/**            ECE Department, Northwestern University                  **/\n/**            email: wkliao@ece.northwestern.edu                       **/\n/**                                                                     **/\n/**   Edited by: Jay Pisharath                                          **/\n/**              Northwestern University.                               **/\n/**                                                                     **/\n/**   ================================================================  **/\n/**                                                                     **/\n/**   Edited by: Sang-Ha  Lee                                           **/\n/**                 University of Virginia                              **/\n/**                                                                     **/\n/**   Description:    No longer supports fuzzy c-means clustering;     **/\n/**                     only regular k-means clustering.               **/\n/**                     Simplified for main functionality: regular k-means    **/\n/**                     clustering.                                     **/\n/**                                                                     **/\n/*************************************************************************/\n\n#include <stdio.h>\n#include <stdlib.h>\n#include <float.h>\n#include <math.h>\n#include \kmeans.h\""\n#include <omp.h>\n\n#define RANDOM_MAX 2147483647\n\n#ifndef FLT_MAX\n#define FLT_MAX 3.40282347e+38\n#endif\n\nextern double wtime(void);\n\nint find_nearest_point(float  *pt,          /* [nfeatures] */\n                       int     nfeatures,\n                       float **pts,         /* [npts][nfeatures] */\n                       int     npts)\n{\n    int index, i;\n    float min_dist=FLT_MAX;\n\n    /* find the cluster center id with min distance to pt */\n    for (i=0; i<npts; i++) {\n        float dist;\n        dist = euclid_dist_2(pt, pts[i], nfeatures);  /* no need square root */\n        if (dist < min_dist) {\n            min_dist = dist;\n            index    = i;\n        }\n    }\n    return(index);\n}\n\n/*----< euclid_dist_2() >----------------------------------------------------*/\n/* multi-dimensional spatial Euclid distance square */\n__inline\nfloat euclid_dist_2(float *pt1,\n                    float *pt2,\n                    int    numdims)\n{\n    int i;\n    float ans=0.0;\n\n    for (i=0; i<numdims; i++)\n        ans += (pt1[i]-pt2[i]) * (pt1[i]-pt2[i]);\n\n    return(ans);\n}\n\n\n/*----< kmeans_clustering() >---------------------------------------------*/\nfloat** kmeans_clustering(float **feature,    /* in: [npoints][nfeatures] */\n                          int     nfeatures,\n                          int     npoints,\n                          int     nclusters,\n                          float   threshold,\n                          int    *membership) /* out: [npoints] */\n{\n\n    int      i, j, n=0, index, loop=0;\n    int     *new_centers_len; /* [nclusters]: no. of points in each cluster */\n    float    delta;\n    float  **clusters;   /* out: [nclusters][nfeatures] */\n    float  **new_centers;     /* [nclusters][nfeatures] */\n  \n\n    /* allocate space for returning variable clusters[] */\n    clusters    = (float**) malloc(nclusters *             sizeof(float*));\n    clusters[0] = (float*)  malloc(nclusters * nfeatures * sizeof(float));\n    for (i=1; i<nclusters; i++)\n        clusters[i] = clusters[i-1] + nfeatures;\n\n    /* randomly pick cluster centers */\n    for (i=0; i<nclusters; i++) {\n        //n = (int)rand() % npoints;\n        for (j=0; j<nfeatures; j++)\n            clusters[i][j] = feature[n][j];\n\t\tn++;\n    }\n\n    for (i=0; i<npoints; i++)\n\t\tmembership[i] = -1;\n\n    /* need to initialize new_centers_len and new_centers[0] to all 0 */\n    new_centers_len = (int*) calloc(nclusters, sizeof(int));\n\n    new_centers    = (float**) malloc(nclusters * Generate 2 OpenMP performance optimization multiple choice questions based on the given code snippet. The generated questions should be in json format with the following fields: Question :<generated question>, Options:<Four options A, B,C and D with one correct answer>, Answer: Correct answer to the generated question 'A', 'B', 'C' or 'D'>","[
{
""Question"" : ""What's the OpenMP directive that can be used to parallelize the for loop inside the find_nearest_point function?"",
""Options"":{
""A"": ""#pragma omp for"",
""B"": ""#pragma omp parallel for"",
""C"": ""#pragma omp critical"",
""D"": ""#pragma omp single""
},
""Answer"": ""B""
},

{
""Question"" : ""When implementing an OpenMP parallel version of the kmeans_clustering function, what construct would you use to ensure thread-safety for the clusters[i][j] variable?"",
""Options"":{
""A"": ""Declare it as shared"",
""B"": ""Declare it as threadprivate"",
""C"": ""Use an atomic directive"",
""D"": ""Declare it as private""
},
""Answer"": ""C""
}
]"
